user_id,name,age,city,subscription_type
1,Kristen Martin,22,Vilnius,ultra
2,Jason Leblanc,31,Kaunas,ultra
3,Mark Hunter,20,Warsaw,ultra
4,Elizabeth Davidson,26,Krakow,ultra
5,Kelli Montoya,28,Kaunas,ultra
6,Matthew Sampson,25,Dresden,ultra
7,Joe Hall,23,Kaunas,ultra
8,Ann Silva,23,Dresden,ultra
9,Melissa Adkins,21,Berlin,ultra
10,Donald Thompson,18,Frankfurt-am-Main,ultra
11,Ellen Briggs,31,Dresden,ultra
12,Robert Gibson,27,Vilnius,ultra
13,Robert Palmer,24,Dresden,ultra
14,Angel Mitchell,18,Berlin,ultra
15,William Walker,24,Vilnius,ultra
16,Michelle Potts,27,Dresden,ultra
17,Warren Stanley,29,Warsaw,ultra
18,Adam Bernard,24,Munich,ultra
19,Matthew Sampson,32,Vilnius,ultra
20,Joe Hall,23,Kaunas,ultra
21,Andrew Jones,14,Krakow,ultra
22,Angela Snyder,19,Berlin,ultra
23,Joe Hall,25,Munich,ultra
24,Kelly Grimes,27,Vilnius,ultra
25,Ryan Perez,26,Krakow,ultra
26,Courtney Thompson,21,Kaunas,ultra
27,Natalie Berger,20,Dresden,ultra
28,Parker Dennis,19,Berlin,ultra
29,Robert Baker,20,Kaunas,ultra
30,Kristen Martin,29,Dresden,ultra
31,Angela Ruiz,30,Krakow,ultra
32,Mikayla Torres,24,Berlin,ultra
33,Tammy Cook,18,Munich,ultra
34,Justin Martinez,17,Dresden,ultra
35,David Spencer,12,Berlin,ultra
36,Kristen Marshall,23,Berlin,ultra
37,Mark Bowers,27,Krakow,ultra
38,Dylan Matthews,23,Munich,ultra
39,Gabriel Stevenson,23,Kaunas,ultra
40,Edwin White,21,Krakow,ultra
41,Edward Meyers,21,Frankfurt-am-Main,ultra
42,James Hill,18,Frankfurt-am-Main,ultra
43,Kelsey Patterson,22,Kaunas,ultra
44,Christina Reyes,25,Krakow,ultra
45,Justin Gonzalez,31,Krakow,ultra
46,Melissa Malone,29,Berlin,ultra
47,Ann Silva,28,Vilnius,ultra
48,Ryan Perez,27,Krakow,ultra
49,Katherine Rivers,17,Krakow,ultra
50,Elizabeth Cochran,35,Krakow,ultra
51,Jennifer Jones MD,31,Krakow,ultra
52,Shane Rogers,27,Kaunas,ultra
53,Adam Wilson,35,Vilnius,ultra
54,Vanessa Robbins,33,Dresden,ultra
55,Melissa Rodriguez,26,Dresden,ultra
56,Edwin White,20,Vilnius,ultra
57,Ellen Briggs,28,Krakow,ultra
58,Melissa Adkins,22,Berlin,ultra
59,Patricia Evans,29,Frankfurt-am-Main,ultra
60,Misty Mcguire,19,Kaunas,ultra
61,Justin Martinez,32,Warsaw,ultra
62,Mary Walker,21,Berlin,ultra
63,Elizabeth Rodriguez,19,Frankfurt-am-Main,ultra
64,Sean Hutchinson,31,Kaunas,ultra
65,Stacy Clark MD,23,Warsaw,ultra
66,Jamie Morton,29,Vilnius,ultra
67,Tony Mendoza,12,Krakow,ultra
68,Paul Watkins,27,Frankfurt-am-Main,ultra
69,Tony Mendoza,22,Frankfurt-am-Main,ultra
70,Marcus Berg,32,Kaunas,ultra
71,Christopher Kirk,31,Munich,ultra
72,Alexa Jones,25,Warsaw,ultra
73,Michael Stone,23,Berlin,ultra
74,Elizabeth Cochran,19,Vilnius,ultra
75,Timothy Arnold,18,Frankfurt-am-Main,ultra
76,Tammy Patrick,17,Krakow,ultra
77,Jenna Beard,23,Berlin,ultra
78,Ryan Perez,21,Berlin,ultra
79,Amy Williams,22,Dresden,ultra
80,Dustin Smith,24,Frankfurt-am-Main,ultra
81,Melissa Rodriguez,30,Kaunas,ultra
82,Adam Wilson,19,Krakow,ultra
83,Chelsea Owens,23,Kaunas,ultra
84,Jenna Beard,13,Frankfurt-am-Main,ultra
85,Kelsey Patterson,26,Vilnius,ultra
86,Donald Jenkins,26,Frankfurt-am-Main,ultra
87,Donald Paul,29,Munich,ultra
88,Jennifer Jones MD,29,Vilnius,ultra
89,Christopher Kirk,28,Kaunas,ultra
90,Jason Holden,24,Berlin,ultra
91,Marcus Berg,32,Frankfurt-am-Main,ultra
92,Ronald Bryant,25,Vilnius,ultra
93,Jason Evans,25,Berlin,ultra
94,Brittany Green,20,Frankfurt-am-Main,ultra
95,Joseph Hall,29,Munich,ultra
96,Felicia Donovan,19,Vilnius,ultra
97,James Hill,22,Warsaw,ultra
98,Robert Gibson,21,Berlin,ultra
99,Robert Smith,24,Warsaw,ultra
100,Dustin Smith,24,Kaunas,ultra
101,Stacy Clark MD,28,Warsaw,ultra
102,Samantha Cameron,21,Dresden,ultra
103,Keith Perry,28,Krakow,ultra
104,Lindsay Ellis,22,Berlin,ultra
105,Katherine Rivers,26,Munich,ultra
106,Brooke Nguyen,31,Frankfurt-am-Main,ultra
107,Edward Meyers,26,Frankfurt-am-Main,ultra
108,Vickie Williams,29,Vilnius,ultra
109,Robert Gibson,27,Dresden,ultra
110,Felicia Donovan,23,Vilnius,ultra
111,Kelli Montoya,20,Warsaw,ultra
112,Keith Perry,24,Dresden,ultra
113,Travis Thompson,18,Munich,ultra
114,Keith Perry,24,Vilnius,ultra
115,Christine Moon,25,Warsaw,ultra
116,Victor Gonzalez,28,Warsaw,ultra
117,Mrs. Amy Mueller,20,Krakow,ultra
118,Elizabeth Rodriguez,25,Frankfurt-am-Main,ultra
119,Joshua Quinn,18,Frankfurt-am-Main,ultra
120,Elizabeth Rodriguez,26,Berlin,ultra
121,Wesley Morales,25,Berlin,ultra
122,Timothy Sparks,29,Berlin,ultra
123,Jason Leblanc,25,Munich,ultra
124,Matthew Sampson,29,Dresden,ultra
125,Courtney Lewis,20,Vilnius,ultra
126,Sean Hutchinson,19,Vilnius,ultra
127,Melissa Rodriguez,25,Berlin,ultra
128,Mary Walker,24,Krakow,ultra
129,Roger Hernandez,26,Berlin,ultra
130,Mark Hunter,22,Dresden,ultra
131,Mark Hunter,27,Kaunas,ultra
132,Vickie Williams,24,Kaunas,ultra
133,Justin Gonzalez,23,Kaunas,ultra
134,Alexis Carroll,28,Warsaw,ultra
135,Angela Ruiz,22,Dresden,ultra
136,Katrina Williamson,25,Vilnius,ultra
137,James Hill,24,Warsaw,ultra
138,Paul Bell,22,Kaunas,ultra
139,Jamie Morton,30,Warsaw,ultra
140,Angela Ruiz,24,Vilnius,ultra
141,Jacob Fuller,19,Warsaw,ultra
142,Katrina Williamson,26,Berlin,ultra
143,Shane Rogers,28,Warsaw,ultra
144,Alexandra Cooke,27,Frankfurt-am-Main,ultra
145,Holly Garcia,32,Munich,ultra
146,Robert Palmer,14,Krakow,ultra
147,Kim Kelley,28,Krakow,ultra
148,Holly Garcia,18,Frankfurt-am-Main,ultra
149,Amanda Patton,18,Frankfurt-am-Main,ultra
150,Jennifer Jones MD,28,Warsaw,ultra
151,Gabriel Stevenson,26,Kaunas,ultra
152,Joy Roberts,15,Krakow,ultra
153,David Murphy,23,Warsaw,ultra
154,Randy Green,24,Munich,ultra
155,Ronald Bryant,27,Dresden,ultra
156,Justin Martinez,20,Kaunas,ultra
157,Ronald Bryant,24,Krakow,ultra
158,Katherine Rivers,30,Vilnius,ultra
159,David Wilson,25,Vilnius,ultra
160,Savannah Neal,25,Dresden,ultra
161,Jeffrey Michael,23,Munich,ultra
162,Angela Ruiz,24,Warsaw,ultra
163,Kevin Miles,22,Warsaw,ultra
164,Joseph Hall,17,Munich,ultra
165,Jamie Morton,31,Dresden,ultra
166,Melissa Adkins,29,Vilnius,ultra
167,Megan Brewer,35,Krakow,ultra
168,Andrew Jones,23,Warsaw,ultra
169,Andrew Monroe,31,Krakow,ultra
170,David Castaneda,22,Warsaw,ultra
171,Joy Roberts,30,Vilnius,ultra
172,Donald Thompson,25,Munich,ultra
173,Alexa Jones,23,Frankfurt-am-Main,ultra
174,Katelyn Johnson,28,Dresden,ultra
175,Heather Diaz,18,Vilnius,ultra
176,Jenna Beard,17,Warsaw,ultra
177,Holly Garcia,25,Dresden,ultra
178,Joe Hall,26,Frankfurt-am-Main,ultra
179,Thomas Burgess,19,Munich,ultra
180,Chelsea Owens,27,Kaunas,ultra
181,Robert Baker,32,Kaunas,ultra
182,Ellen Briggs,32,Dresden,ultra
183,Angela Snyder,15,Warsaw,ultra
184,Andrew Monroe,15,Berlin,ultra
185,David Wilson,22,Krakow,ultra
186,Christina Reyes,22,Frankfurt-am-Main,ultra
187,Scott Brown,28,Berlin,ultra
188,Randy Green,21,Munich,ultra
189,Jennifer Jones MD,26,Frankfurt-am-Main,ultra
190,Joshua Quinn,27,Warsaw,ultra
191,Katrina Williamson,23,Kaunas,ultra
192,Alexa Jones,25,Berlin,ultra
193,Matthew Sampson,30,Munich,ultra
194,Jeffrey Michael,24,Vilnius,ultra
195,Donald Jenkins,23,Munich,ultra
196,Brian Russell,35,Frankfurt-am-Main,ultra
197,Savannah Neal,31,Warsaw,ultra
198,Katrina Williamson,27,Munich,ultra
199,Sean Hutchinson,24,Berlin,ultra
200,Anthony Decker,25,Berlin,ultra
201,Katrina Williamson,28,Dresden,ultra
202,Jason Evans,21,Berlin,ultra
203,Thomas Young,25,Berlin,ultra
204,David Spencer,30,Berlin,ultra
205,Kimberly Krueger,26,Berlin,ultra
206,Jessica Smith,37,Krakow,ultra
207,Angel Mitchell,27,Krakow,ultra
208,Jason Evans,23,Berlin,ultra
209,Courtney Lewis,23,Kaunas,ultra
210,Mark Hunter,23,Kaunas,ultra
211,Margaret Lamb,30,Frankfurt-am-Main,ultra
212,Nicole Montgomery,25,Dresden,ultra
213,Mr. Jonathan Wilson,20,Krakow,ultra
214,Kristen Marshall,20,Dresden,ultra
215,Ellen Briggs,20,Kaunas,ultra
216,Kimberly Jackson,26,Munich,ultra
217,Sarah Perry MD,18,Berlin,ultra
218,Scott Brown,23,Munich,ultra
219,Jenna Beard,30,Kaunas,ultra
220,Kimberly Krueger,31,Kaunas,ultra
221,Duane Jones,30,Kaunas,ultra
222,Katherine Rivers,23,Vilnius,ultra
223,Joe Hall,25,Vilnius,ultra
224,Mark Bowers,29,Krakow,ultra
225,Felicia Donovan,25,Berlin,ultra
226,Joshua Quinn,21,Kaunas,ultra
227,Dustin Smith,22,Warsaw,ultra
228,Christopher Kirk,22,Warsaw,ultra
229,Kelly Grimes,24,Munich,ultra
230,James Vasquez,26,Kaunas,ultra
231,Norma Porter,27,Kaunas,ultra
232,Brooke Nguyen,32,Krakow,ultra
233,Kimberly Jackson,17,Dresden,ultra
234,William Davis,25,Kaunas,ultra
235,Joseph Hall,25,Berlin,ultra
236,Kristina Bradley,13,Vilnius,ultra
237,Krystal Obrien,19,Dresden,ultra
238,Douglas Torres,17,Berlin,ultra
239,Kevin Miles,23,Munich,ultra
240,Kim Kelley,25,Warsaw,ultra
241,Felicia Donovan,22,Warsaw,ultra
242,Amanda Patton,22,Kaunas,ultra
243,Nicole Montgomery,30,Frankfurt-am-Main,ultra
244,Danielle Oconnor,21,Vilnius,ultra
245,Randy Green,21,Frankfurt-am-Main,ultra
246,Joe Hall,16,Munich,ultra
247,James Callahan,22,Krakow,ultra
248,Patricia Evans,30,Vilnius,ultra
249,Larry Campbell,32,Munich,ultra
250,Adam Bernard,18,Munich,ultra
251,Parker Dennis,20,Munich,ultra
252,Peter Garcia,27,Kaunas,ultra
253,Courtney Thompson,23,Munich,ultra
254,Robert Baker,23,Frankfurt-am-Main,ultra
255,Jacob Garrett,24,Krakow,ultra
256,Peter Garcia,33,Munich,ultra
257,Debra Perez,28,Warsaw,ultra
258,Heather Diaz,22,Kaunas,ultra
259,Patricia Evans,27,Dresden,ultra
260,Jay Ray,24,Frankfurt-am-Main,ultra
261,Victoria Myers,27,Berlin,ultra
262,Thomas Burgess,27,Munich,ultra
263,Alexa Jones,24,Munich,ultra
264,Robert Baker,23,Berlin,ultra
265,Kristina Bradley,20,Frankfurt-am-Main,ultra
266,Tony Mendoza,22,Warsaw,ultra
267,Lindsay Ellis,21,Frankfurt-am-Main,ultra
268,Krystal Obrien,24,Vilnius,ultra
269,Chelsea Owens,16,Krakow,ultra
270,Felicia Donovan,26,Vilnius,ultra
271,Jack Flores,22,Berlin,ultra
272,Mark Bowers,21,Kaunas,ultra
273,Thomas Young,30,Kaunas,ultra
274,Robert Smith,29,Kaunas,ultra
275,Ryan Perez,26,Kaunas,ultra
276,Andrew Jones,20,Munich,ultra
277,Donald Thompson,18,Frankfurt-am-Main,ultra
278,Natalie Berger,27,Munich,ultra
279,Kyle Schmidt,23,Krakow,ultra
280,Adam Bernard,26,Frankfurt-am-Main,ultra
281,Patricia Evans,33,Munich,ultra
282,Megan Brewer,33,Dresden,ultra
283,Kelli Montoya,26,Dresden,ultra
284,Amy Brown,28,Dresden,ultra
285,Mrs. Rachel White,29,Berlin,ultra
286,Kristen Martin,30,Munich,ultra
287,Justin Gonzalez,27,Kaunas,ultra
288,Julia Thomas,24,Frankfurt-am-Main,ultra
289,Jennifer Jones MD,28,Krakow,ultra
290,Casey Silva,27,Kaunas,ultra
291,David Castaneda,25,Kaunas,ultra
292,Ellen Briggs,25,Dresden,ultra
293,Ellen Briggs,26,Dresden,ultra
294,Mr. Jonathan Wilson,25,Frankfurt-am-Main,ultra
295,Vickie Williams,16,Krakow,ultra
296,James Wallace,19,Frankfurt-am-Main,ultra
297,Felicia Donovan,33,Berlin,ultra
298,Ryan Perez,31,Kaunas,ultra
299,Ellen Briggs,19,Kaunas,ultra
300,Edward Meyers,27,Krakow,ultra
301,Dustin Smith,24,Krakow,ultra
302,Susan Barker,27,Krakow,ultra
303,Victor Gonzalez,32,Vilnius,ultra
304,Brian Russell,22,Frankfurt-am-Main,ultra
305,Brandon Moss,28,Kaunas,ultra
306,Edwin White,15,Munich,ultra
307,Christina Reyes,19,Dresden,ultra
308,Tina Barrett,29,Berlin,ultra
309,Tony Mendoza,23,Vilnius,ultra
310,Jennifer Jones MD,29,Kaunas,ultra
311,Adam Bernard,23,Munich,ultra
312,Melissa Wilson,24,Krakow,ultra
313,Edwin White,31,Munich,ultra
314,Andrew Jones,28,Frankfurt-am-Main,ultra
315,Joe Hall,13,Warsaw,ultra
316,Kristen Martin,27,Warsaw,ultra
317,Larry Campbell,28,Warsaw,ultra
318,Anthony Decker,35,Warsaw,ultra
319,Ann Silva,26,Kaunas,ultra
320,Jamie Morton,30,Frankfurt-am-Main,ultra
321,Kim Kelley,22,Warsaw,ultra
322,David Spencer,17,Frankfurt-am-Main,ultra
323,Christopher Richards,28,Dresden,ultra
324,Edwin White,24,Frankfurt-am-Main,ultra
325,Amy Brown,26,Berlin,ultra
326,Anthony Decker,30,Berlin,ultra
327,Craig Frazier,24,Dresden,ultra
328,Holly Garcia,35,Berlin,ultra
329,Edward Meyers,19,Berlin,ultra
330,Michelle Gibson,19,Berlin,ultra
331,Keith Perry,26,Dresden,ultra
332,Parker Dennis,21,Vilnius,ultra
333,James Callahan,21,Krakow,ultra
334,Michelle Gibson,23,Vilnius,ultra
335,Donna Owen,25,Warsaw,ultra
336,Joe Hall,24,Frankfurt-am-Main,ultra
337,Jason Evans,31,Vilnius,ultra
338,Debra Perez,29,Berlin,ultra
339,Vanessa Robbins,24,Dresden,ultra
340,Robert Palmer,33,Vilnius,ultra
341,Christopher Jones,23,Berlin,ultra
342,Jocelyn Wright,23,Warsaw,ultra
343,Casey Silva,26,Vilnius,ultra
344,Christopher Cox,32,Frankfurt-am-Main,ultra
345,Melissa Rodriguez,16,Frankfurt-am-Main,ultra
346,Sean Hutchinson,22,Vilnius,ultra
347,Devin Medina,24,Warsaw,ultra
348,Brian Russell,27,Krakow,ultra
349,Justin Martinez,25,Munich,ultra
350,Kristina Bradley,16,Munich,ultra
351,Nicole Montgomery,18,Warsaw,ultra
352,Jennifer Jones MD,25,Vilnius,ultra
353,Jenna Beard,17,Dresden,ultra
354,Patricia Roberson,28,Warsaw,ultra
355,Edward Meyers,24,Krakow,ultra
356,Donald Paul,29,Munich,ultra
357,Todd Cook,30,Munich,ultra
358,David Castaneda,29,Warsaw,ultra
359,Jenna Beard,28,Frankfurt-am-Main,ultra
360,Katherine Rivers,29,Kaunas,ultra
361,Tony Mendoza,28,Dresden,ultra
362,David Castaneda,25,Warsaw,ultra
363,Mikayla Torres,25,Dresden,ultra
364,Joseph Hall,25,Vilnius,ultra
365,Scott Brown,24,Krakow,ultra
366,Victoria Castillo,20,Berlin,ultra
367,Nicole Montgomery,29,Kaunas,ultra
368,Douglas Torres,32,Frankfurt-am-Main,ultra
369,Jeffrey Michael,22,Frankfurt-am-Main,ultra
370,Randy Green,23,Berlin,ultra
371,Nicole Montgomery,28,Frankfurt-am-Main,ultra
372,Lynn Hernandez,26,Krakow,ultra
373,Duane Jones,26,Vilnius,ultra
374,Michelle Gibson,18,Krakow,ultra
375,Mark Hunter,34,Kaunas,ultra
376,Jenna Beard,28,Krakow,ultra
377,Anthony Decker,31,Berlin,ultra
378,Debra Perez,24,Warsaw,ultra
379,Eric Roberts,27,Krakow,ultra
380,Donald Thompson,33,Munich,ultra
381,Kristin Carroll,25,Dresden,ultra
382,Donna Owen,26,Vilnius,ultra
383,Kim Kelley,25,Frankfurt-am-Main,ultra
384,Robert Williams,38,Kaunas,ultra
385,Margaret Williams,24,Warsaw,ultra
386,Stephen Romero,22,Vilnius,ultra
387,Brian Russell,22,Munich,ultra
388,Courtney Lewis,23,Kaunas,ultra
389,Mark Hunter,21,Munich,ultra
390,Duane Jones,18,Vilnius,ultra
391,James Hill,21,Berlin,ultra
392,Timothy Arnold,23,Kaunas,ultra
393,Mr. Mark Simmons DDS,15,Vilnius,ultra
394,Misty Mcguire,31,Krakow,ultra
395,Alexandra Cooke,22,Vilnius,ultra
396,Christopher Kirk,33,Frankfurt-am-Main,ultra
397,David Castaneda,25,Berlin,ultra
398,William Walker,35,Dresden,ultra
399,Angela Snyder,30,Kaunas,ultra
400,Samantha Williams,21,Krakow,ultra
401,Melissa Adkins,23,Berlin,ultra
402,Michael Sims,21,Frankfurt-am-Main,ultra
403,Christine Moon,19,Munich,ultra
404,Timothy Arnold,23,Munich,ultra
405,David Spencer,22,Frankfurt-am-Main,ultra
406,William Walker,31,Warsaw,ultra
407,Edward Meyers,20,Berlin,ultra
408,Jason Leblanc,26,Krakow,ultra
409,Angel Mitchell,20,Frankfurt-am-Main,ultra
410,Robert Williams,19,Vilnius,ultra
411,Keith Perry,21,Dresden,ultra
412,Scott Brown,15,Vilnius,ultra
413,David Wilson,19,Krakow,ultra
414,Bryan Manning,30,Frankfurt-am-Main,ultra
415,Vanessa Robbins,24,Berlin,ultra
416,Paul Bell,31,Krakow,ultra
417,Thomas Burgess,19,Warsaw,ultra
418,Craig Frazier,26,Dresden,ultra
419,Eric Roberts,24,Kaunas,ultra
420,Shannon Frye,24,Warsaw,ultra
421,Stephen Romero,32,Kaunas,ultra
422,Debra Perez,27,Munich,ultra
423,Justin Gonzalez,23,Warsaw,ultra
424,Melissa Malone,28,Kaunas,ultra
425,Dustin Smith,23,Dresden,ultra
426,Brian Russell,20,Kaunas,ultra
427,Nicole Montgomery,29,Kaunas,ultra
428,Robert Smith,29,Vilnius,ultra
429,Tammy Patrick,26,Munich,ultra
430,Mark Hunter,27,Dresden,ultra
431,James Callahan,18,Kaunas,ultra
432,Kimberly Jackson,21,Kaunas,ultra
433,Thomas Young,20,Munich,ultra
434,Christopher Richards,21,Vilnius,ultra
435,Jay Ray,23,Krakow,ultra
436,Kelly Grimes,31,Kaunas,ultra
437,Mark Bowers,28,Vilnius,ultra
438,Kelly Grimes,29,Frankfurt-am-Main,ultra
439,Christopher Kirk,27,Dresden,ultra
440,Michelle Potts,20,Vilnius,ultra
441,Dustin Smith,22,Frankfurt-am-Main,ultra
442,Katherine Rivers,25,Munich,ultra
443,Jeffrey Michael,24,Warsaw,ultra
444,Michael Sims,26,Berlin,ultra
445,Alexis Carroll,26,Warsaw,ultra
446,Bryan Manning,32,Krakow,ultra
447,Gabriel Stevenson,19,Warsaw,ultra
448,Michelle Gibson,22,Warsaw,ultra
449,Melissa Malone,14,Warsaw,ultra
450,Amanda Patton,26,Munich,ultra
451,Tammy Cook,20,Frankfurt-am-Main,ultra
452,Michelle Gibson,19,Berlin,ultra
453,Alexis Carroll,27,Frankfurt-am-Main,ultra
454,Kelly Grimes,38,Dresden,ultra
455,Donald Jenkins,15,Krakow,ultra
456,Katherine Rivers,19,Berlin,ultra
457,Ann Silva,16,Berlin,ultra
458,William Keller,21,Frankfurt-am-Main,ultra
459,Victoria Castillo,23,Warsaw,ultra
460,Matthew Durham,30,Berlin,ultra
461,Kyle Schmidt,20,Berlin,ultra
462,Alexa Jones,22,Krakow,ultra
463,Dylan Matthews,24,Berlin,ultra
464,Juan Perez,21,Munich,ultra
465,Felicia Donovan,25,Berlin,ultra
466,Joseph Hall,24,Munich,ultra
467,Savannah Neal,17,Frankfurt-am-Main,ultra
468,Sarah Perry MD,31,Dresden,ultra
469,Gabriel Stevenson,24,Munich,ultra
470,Ryan Perez,25,Dresden,ultra
471,Samantha Williams,24,Munich,ultra
472,Melissa Rodriguez,27,Dresden,ultra
473,William Keller,33,Frankfurt-am-Main,ultra
474,Antonio Cooper,27,Krakow,ultra
475,Joshua Quinn,28,Berlin,ultra
476,Matthew Sampson,17,Kaunas,ultra
477,Kelsey Patterson,26,Kaunas,ultra
478,Kelsey Patterson,28,Krakow,ultra
479,Michael Smith,16,Krakow,ultra
480,Lynn Hernandez,31,Dresden,ultra
481,Craig Frazier,24,Vilnius,ultra
482,Christina Reyes,22,Berlin,ultra
483,Stacy Clark MD,27,Warsaw,ultra
484,Shannon Frye,19,Munich,ultra
485,Alexis Carroll,23,Berlin,ultra
486,Krystal Obrien,27,Warsaw,ultra
487,Mikayla Torres,22,Frankfurt-am-Main,ultra
488,Kristina Bradley,31,Berlin,ultra
489,Tammy Patrick,23,Krakow,ultra
490,Donna Owen,26,Vilnius,ultra
491,George Merritt,19,Munich,ultra
492,Robert Palmer,23,Kaunas,ultra
493,Norma Porter,26,Vilnius,ultra
494,Christopher Jones,30,Kaunas,ultra
495,Andrew Jones,24,Kaunas,ultra
496,Kristen Marshall,28,Kaunas,ultra
497,Michael Smith,32,Frankfurt-am-Main,ultra
498,David Spencer,23,Krakow,ultra
499,Norma Porter,25,Frankfurt-am-Main,ultra
500,Tony Mendoza,20,Berlin,ultra
501,Michelle Gibson,34,Munich,ultra
502,Krystal Obrien,23,Vilnius,ultra
503,Elizabeth Rodriguez,27,Kaunas,ultra
504,Jenna Beard,35,Kaunas,ultra
505,Robert Williams,27,Munich,ultra
506,Kelly Grimes,26,Vilnius,ultra
507,Tammy Cook,27,Berlin,ultra
508,Jason Leblanc,15,Vilnius,ultra
509,Melissa Adkins,29,Warsaw,ultra
510,Patricia Roberson,24,Krakow,ultra
511,Jason Holden,24,Frankfurt-am-Main,ultra
512,Michelle Gibson,29,Kaunas,ultra
513,Kristen Marshall,28,Berlin,ultra
514,Elizabeth Davidson,20,Krakow,ultra
515,David Spencer,23,Frankfurt-am-Main,ultra
516,Mrs. Amy Mueller,24,Vilnius,ultra
517,Bryan Manning,25,Dresden,ultra
518,Misty Mcguire,22,Krakow,ultra
519,Duane Jones,22,Krakow,ultra
520,Margaret Lamb,30,Frankfurt-am-Main,ultra
521,Amanda Patton,17,Munich,ultra
522,Robert Gibson,29,Berlin,ultra
523,Melissa Adkins,23,Vilnius,ultra
524,David Castaneda,19,Munich,ultra
525,Robert Gibson,33,Dresden,ultra
526,Randy Green,16,Dresden,ultra
527,Elizabeth Cochran,30,Vilnius,ultra
528,Anthony Decker,20,Frankfurt-am-Main,ultra
529,Elizabeth Cochran,25,Berlin,ultra
530,Vanessa Robbins,31,Warsaw,ultra
531,Mrs. Amy Mueller,22,Munich,ultra
532,Thomas Burgess,33,Frankfurt-am-Main,ultra
533,Jacob Garrett,23,Kaunas,ultra
534,Justin Gonzalez,33,Warsaw,ultra
535,Ann Silva,25,Krakow,ultra
536,Ryan Perez,25,Krakow,ultra
537,Robert Smith,23,Munich,ultra
538,Natalie Berger,25,Frankfurt-am-Main,ultra
539,Melissa Wilson,25,Vilnius,ultra
540,Victoria Castillo,32,Vilnius,ultra
541,Sean Hutchinson,28,Dresden,ultra
542,James Vasquez,23,Vilnius,ultra
543,Marcus Berg,28,Munich,ultra
544,Edwin White,29,Vilnius,ultra
545,James Wallace,23,Berlin,ultra
546,Paul Bell,22,Krakow,ultra
547,Ann Silva,26,Vilnius,ultra
548,Anthony Decker,15,Kaunas,ultra
549,Roger Hernandez,25,Berlin,ultra
550,Katelyn Johnson,28,Warsaw,ultra
551,Jack Flores,23,Krakow,ultra
552,Gabriel Stevenson,32,Kaunas,ultra
553,Courtney Thompson,31,Vilnius,ultra
554,Julia Thomas,13,Vilnius,ultra
555,Chelsea Owens,25,Munich,ultra
556,Courtney Thompson,28,Krakow,ultra
557,Deanna Ward,29,Frankfurt-am-Main,ultra
558,Travis Thompson,34,Frankfurt-am-Main,ultra
559,Samantha Cameron,30,Dresden,ultra
560,William Keller,33,Warsaw,ultra
561,Robert Williams,22,Dresden,ultra
562,Brittany Green,23,Kaunas,ultra
563,Courtney Thompson,33,Krakow,ultra
564,Stacy Clark MD,31,Vilnius,ultra
565,Angela Ruiz,28,Dresden,ultra
566,Roger Hernandez,27,Munich,ultra
567,Juan Perez,33,Krakow,ultra
568,Courtney Thompson,27,Frankfurt-am-Main,ultra
569,Lindsay Ellis,32,Frankfurt-am-Main,ultra
570,Mrs. Amy Mueller,33,Berlin,ultra
571,Gabriel Stevenson,23,Dresden,ultra
572,Jason Leblanc,24,Frankfurt-am-Main,ultra
573,Samantha Williams,23,Dresden,ultra
574,Randy Green,34,Berlin,ultra
575,Joshua Quinn,26,Frankfurt-am-Main,ultra
576,Kelli Montoya,23,Warsaw,ultra
577,Jeffrey Michael,25,Berlin,ultra
578,Eric Roberts,25,Munich,ultra
579,Misty Mcguire,25,Krakow,ultra
580,Kelly Grimes,31,Berlin,ultra
581,Kevin Miles,31,Frankfurt-am-Main,ultra
582,Jenna Beard,26,Warsaw,ultra
583,Edward Meyers,24,Warsaw,ultra
584,Amy Williams,27,Dresden,ultra
585,Heather Diaz,24,Dresden,ultra
586,Larry Campbell,24,Krakow,ultra
587,Felicia Donovan,27,Dresden,ultra
588,Paul Watkins,24,Warsaw,ultra
589,Alexandra Cooke,21,Munich,ultra
590,Justin Gonzalez,28,Munich,ultra
591,Angela Ruiz,18,Warsaw,ultra
592,Deanna Ward,24,Berlin,ultra
593,Robert Gibson,21,Berlin,ultra
594,Mikayla Torres,27,Krakow,ultra
595,Thomas Young,24,Munich,ultra
596,Chelsea Owens,32,Vilnius,ultra
597,Duane Jones,30,Krakow,ultra
598,Kristen Martin,21,Berlin,ultra
599,Melissa Adkins,25,Warsaw,ultra
600,Bryan Manning,18,Dresden,ultra
601,James Wallace,32,Vilnius,ultra
602,Michael Smith,26,Dresden,ultra
603,Christopher Richards,25,Berlin,ultra
604,Mary Walker,32,Munich,ultra
605,Edwin White,32,Warsaw,ultra
606,Angel Mitchell,26,Berlin,ultra
607,Adam Bernard,33,Dresden,ultra
608,Alexandra Cooke,26,Krakow,ultra
609,Jamie Morton,29,Warsaw,ultra
610,Michelle Gibson,22,Munich,ultra
611,Kristina Bradley,28,Kaunas,ultra
612,William Wheeler,32,Krakow,ultra
613,Alexis Carroll,34,Dresden,ultra
614,Tina Barrett,26,Krakow,ultra
615,Lindsay Ellis,25,Kaunas,ultra
616,Donald Paul,32,Dresden,ultra
617,Tyler Taylor,31,Dresden,ultra
618,Sean Hutchinson,20,Krakow,ultra
619,Tina Barrett,29,Frankfurt-am-Main,ultra
620,Thomas Young,21,Frankfurt-am-Main,ultra
621,Katelyn Johnson,27,Munich,ultra
622,Dylan Matthews,24,Vilnius,ultra
623,David Wilson,19,Frankfurt-am-Main,ultra
624,James Vasquez,26,Krakow,ultra
625,Brittany Green,31,Munich,ultra
626,Amanda Thomas,33,Frankfurt-am-Main,ultra
627,James Wallace,20,Kaunas,ultra
628,Melissa Malone,23,Frankfurt-am-Main,ultra
629,Holly Garcia,19,Frankfurt-am-Main,ultra
630,Samantha Williams,20,Vilnius,ultra
631,Victoria Myers,32,Frankfurt-am-Main,ultra
632,Sarah Perry MD,24,Kaunas,ultra
633,Ryan Smith,30,Dresden,ultra
634,Katherine Rivers,27,Frankfurt-am-Main,ultra
635,David Murphy,21,Warsaw,ultra
636,Paul Bell,27,Vilnius,ultra
637,Robert Wright,20,Berlin,ultra
638,Natalie Berger,17,Munich,ultra
639,Joshua Quinn,23,Krakow,ultra
640,Christine Moon,24,Frankfurt-am-Main,ultra
641,Cheryl Novak,27,Dresden,ultra
642,Regina Le,22,Frankfurt-am-Main,ultra
643,Felicia Donovan,31,Warsaw,ultra
644,Lindsay Ellis,20,Munich,ultra
645,Brittany Green,36,Dresden,ultra
646,Warren Stanley,22,Vilnius,ultra
647,Tammy Patrick,33,Warsaw,ultra
648,Marcus Berg,33,Warsaw,ultra
649,Ryan Smith,34,Berlin,ultra
650,Shane Rogers,24,Dresden,ultra
651,William Wheeler,21,Warsaw,ultra
652,Savannah Neal,22,Kaunas,ultra
653,Jason Evans,28,Berlin,ultra
654,Kevin Miles,26,Berlin,ultra
655,Joy Roberts,20,Berlin,ultra
656,Jacob Garrett,24,Vilnius,ultra
657,Ellen Briggs,26,Frankfurt-am-Main,ultra
658,Warren Stanley,25,Kaunas,ultra
659,Devin Medina,27,Krakow,ultra
660,Craig Frazier,26,Kaunas,ultra
661,Robert Gibson,25,Kaunas,ultra
662,Sean Hutchinson,35,Warsaw,ultra
663,Savannah Neal,24,Warsaw,ultra
664,Robert Palmer,25,Munich,ultra
665,David Murphy,12,Munich,ultra
666,Joseph Hall,29,Warsaw,ultra
667,James Callahan,23,Krakow,ultra
668,Courtney Lewis,25,Krakow,ultra
669,Adam Bernard,27,Vilnius,ultra
670,Victor Gonzalez,19,Warsaw,ultra
671,Amy Brown,26,Frankfurt-am-Main,ultra
672,Heather Diaz,28,Frankfurt-am-Main,ultra
673,Kristen Marshall,33,Kaunas,ultra
674,Michael Smith,28,Kaunas,ultra
675,Joshua Quinn,27,Dresden,ultra
676,Amy Brown,22,Kaunas,ultra
677,Amy Williams,27,Munich,ultra
678,Christopher Kirk,21,Kaunas,ultra
679,Shannon Frye,22,Krakow,ultra
680,Kimberly Krueger,33,Krakow,ultra
681,Dylan Matthews,30,Dresden,ultra
682,Savannah Neal,23,Munich,ultra
683,Michael Stone,27,Munich,ultra
684,Tammy Cook,27,Dresden,ultra
685,Warren Stanley,25,Dresden,ultra
686,Eric Roberts,29,Berlin,ultra
687,Patricia Evans,26,Munich,ultra
688,Mrs. Rachel White,26,Warsaw,ultra
689,Justin Gonzalez,20,Berlin,ultra
690,Alexandra Cooke,30,Frankfurt-am-Main,ultra
691,Antonio Cooper,30,Munich,ultra
692,Robert Baker,21,Munich,ultra
693,Chelsea Owens,20,Kaunas,ultra
694,Kristin Carroll,29,Dresden,ultra
695,Devin Medina,14,Vilnius,ultra
696,Joe Hall,24,Warsaw,ultra
697,Christina Reyes,24,Warsaw,ultra
698,Felicia Donovan,26,Berlin,ultra
699,Jamie Morton,22,Warsaw,ultra
700,Eric Roberts,22,Kaunas,free
701,Kristen Marshall,31,Frankfurt-am-Main,free
702,Mrs. Rachel White,20,Frankfurt-am-Main,free
703,Kristen Marshall,30,Berlin,free
704,Margaret Williams,29,Krakow,free
705,William Wheeler,27,Krakow,free
706,Ann Silva,23,Dresden,free
707,Cheryl Novak,27,Munich,free
708,Andrew Jones,24,Berlin,free
709,Jacob Fuller,25,Frankfurt-am-Main,free
710,Michael Stone,33,Krakow,free
711,Anthony Decker,25,Frankfurt-am-Main,free
712,Christopher Richards,28,Warsaw,free
713,Keith Perry,30,Dresden,free
714,Thomas Burgess,31,Kaunas,free
715,Michael Sims,25,Vilnius,free
716,Thomas Young,17,Warsaw,free
717,Donna Owen,26,Krakow,free
718,Nicole Montgomery,31,Warsaw,free
719,Katrina Williamson,27,Munich,free
720,Antonio Cooper,25,Vilnius,free
721,Courtney Lewis,27,Berlin,free
722,Brittany Green,36,Krakow,free
723,Lindsay Ellis,24,Krakow,free
724,Mr. Jonathan Wilson,23,Dresden,free
725,Chelsea Owens,29,Warsaw,free
726,Amy Williams,22,Berlin,free
727,Matthew Durham,26,Munich,free
728,Dustin Smith,12,Berlin,free
729,Lynn Hernandez,27,Frankfurt-am-Main,free
730,Jenna Beard,28,Kaunas,free
731,Mark Hunter,28,Berlin,free
732,Mrs. Rachel White,29,Kaunas,free
733,Melissa Wilson,34,Warsaw,free
734,Jenna Beard,28,Kaunas,free
735,Debra Perez,18,Berlin,free
736,Edwin White,26,Berlin,free
737,Thomas Young,27,Krakow,free
738,Victor Gonzalez,23,Vilnius,free
739,Matthew Durham,19,Berlin,free
740,Victor Gonzalez,23,Vilnius,free
741,Jenna Beard,22,Warsaw,free
742,Andrew Jones,28,Munich,free
743,Lynn Hernandez,18,Vilnius,free
744,Chelsea Owens,26,Frankfurt-am-Main,free
745,Angela Snyder,21,Krakow,free
746,Angela Ruiz,26,Kaunas,free
747,Kelli Montoya,25,Frankfurt-am-Main,free
748,Angela Snyder,25,Warsaw,free
749,Paul Bell,34,Kaunas,free
750,Kristen Marshall,21,Dresden,free
751,Linda Smith,21,Munich,free
752,Lindsay Ellis,26,Krakow,free
753,Kristen Martin,26,Berlin,free
754,Ryan Perez,17,Krakow,free
755,Kristen Marshall,21,Dresden,free
756,David Spencer,28,Frankfurt-am-Main,free
757,Jason Leblanc,22,Frankfurt-am-Main,free
758,Justin Martinez,26,Krakow,free
759,Paul Watkins,24,Kaunas,free
760,Kristen Marshall,22,Krakow,free
761,Matthew Sampson,32,Dresden,free
762,Dylan Matthews,34,Krakow,free
763,Megan Brewer,20,Dresden,free
764,Donald Thompson,22,Munich,free
765,Kristen Marshall,27,Berlin,free
766,Jonathan Clark,24,Dresden,free
767,Chelsea Owens,28,Frankfurt-am-Main,free
768,Natalie Berger,25,Krakow,free
769,Tammy Cook,27,Vilnius,free
770,Sarah Perry MD,27,Dresden,free
771,Katherine Rivers,25,Kaunas,free
772,Linda Smith,27,Krakow,free
773,Holly Garcia,29,Munich,free
774,David Murphy,27,Frankfurt-am-Main,free
775,Kelly Grimes,24,Frankfurt-am-Main,free
776,Donald Jenkins,26,Munich,free
777,David Spencer,22,Dresden,free
778,Natalie Berger,22,Krakow,free
779,Michael Stone,24,Munich,free
780,Danielle Oconnor,13,Vilnius,free
781,Brooke Nguyen,23,Berlin,free
782,Michelle Gibson,24,Kaunas,free
783,Natalie Berger,20,Dresden,free
784,Alicia Juarez,30,Krakow,free
785,Samantha Williams,28,Kaunas,free
786,Thomas Young,23,Munich,free
787,Jason Evans,24,Krakow,free
788,Michelle Potts,34,Berlin,free
789,Sean Hutchinson,23,Warsaw,free
790,Victor Gonzalez,23,Munich,free
791,Heather Diaz,24,Munich,free
792,Melissa Malone,26,Berlin,free
793,Brooke Nguyen,22,Berlin,free
794,Courtney Lewis,29,Warsaw,free
795,Nicole Montgomery,29,Frankfurt-am-Main,free
796,Mark Hunter,25,Frankfurt-am-Main,free
797,Mikayla Torres,28,Berlin,free
798,Joshua Quinn,22,Dresden,free
799,Jason Leblanc,27,Kaunas,free
800,Bryan Manning,24,Warsaw,free
801,Susan Barker,22,Munich,free
802,Julia Thomas,23,Frankfurt-am-Main,free
803,Angela Ruiz,30,Berlin,free
804,Jason Holden,24,Berlin,free
805,Samantha Williams,38,Vilnius,free
806,Michael Smith,23,Warsaw,free
807,Melissa Malone,28,Frankfurt-am-Main,free
808,Mark Hunter,24,Krakow,free
809,Ann Silva,26,Munich,free
810,Todd Cook,24,Krakow,free
811,Paul Watkins,14,Munich,free
812,Kyle Schmidt,27,Kaunas,free
813,Joe Hall,23,Dresden,free
814,Regina Le,30,Kaunas,free
815,Ronald Bryant,26,Kaunas,free
816,Adam Wilson,28,Munich,free
817,William Keller,28,Kaunas,free
818,Angel Mitchell,24,Berlin,free
819,Michelle Gibson,28,Kaunas,free
820,Amanda Thomas,21,Berlin,free
821,Brittany Green,28,Munich,free
822,Jason Evans,20,Berlin,free
823,Savannah Neal,21,Krakow,free
824,Eric Roberts,27,Krakow,free
825,Angela Snyder,27,Munich,free
826,Andrew Jones,18,Krakow,free
827,Misty Mcguire,28,Dresden,free
828,Jason Evans,30,Frankfurt-am-Main,free
829,Justin Martinez,29,Berlin,free
830,Jonathan Clark,25,Berlin,free
831,Jamie Morton,25,Kaunas,free
832,Jenna Beard,24,Kaunas,free
833,David Murphy,26,Berlin,free
834,Regina Le,29,Berlin,free
835,Tammy Cook,30,Warsaw,free
836,Melissa Wilson,21,Vilnius,free
837,Matthew Sampson,25,Berlin,free
838,Donald Paul,23,Krakow,free
839,Tammy Cook,25,Dresden,free
840,Scott Brown,21,Kaunas,free
841,Mary Walker,28,Vilnius,free
842,Kristen Martin,25,Berlin,free
843,Mrs. Rachel White,23,Munich,free
844,Brittany Green,24,Warsaw,free
845,Melissa Wilson,27,Dresden,free
846,Holly Garcia,28,Kaunas,free
847,Kyle Schmidt,25,Dresden,free
848,Andrew Jones,30,Berlin,free
849,Norma Porter,37,Vilnius,free
850,Edward Meyers,32,Dresden,free
851,David Wilson,26,Frankfurt-am-Main,free
852,Roger Hernandez,20,Warsaw,free
853,Robert Baker,21,Warsaw,free
854,Paul Watkins,26,Munich,free
855,Deanna Ward,24,Berlin,free
856,William Walker,36,Kaunas,free
857,Larry Campbell,25,Vilnius,free
858,Michael Smith,25,Dresden,free
859,Timothy Sparks,23,Warsaw,free
860,Amy Williams,22,Dresden,free
861,Michelle Gibson,27,Dresden,free
862,Michelle Gibson,28,Munich,free
863,Samantha Cameron,32,Berlin,free
864,Lynn Hernandez,25,Berlin,free
865,Keith Perry,23,Krakow,free
866,Alexandra Cooke,34,Warsaw,free
867,Daniel Peters,24,Krakow,free
868,Douglas Torres,34,Berlin,free
869,Jenna Beard,26,Munich,free
870,Ryan Perez,26,Warsaw,free
871,Scott Brown,21,Frankfurt-am-Main,free
872,Scott Brown,28,Kaunas,free
873,Robert Gibson,20,Kaunas,free
874,Kristen Martin,22,Dresden,free
875,Kimberly Krueger,30,Frankfurt-am-Main,free
876,Alexa Jones,18,Frankfurt-am-Main,free
877,Scott Brown,26,Kaunas,free
878,Heather Diaz,25,Frankfurt-am-Main,free
879,Brandon Moss,23,Frankfurt-am-Main,free
880,Julia Thomas,29,Dresden,free
881,Jonathan Clark,34,Dresden,free
882,Melissa Adkins,27,Munich,free
883,Melissa Malone,28,Kaunas,free
884,Daniel Griffith,20,Warsaw,free
885,Edwin White,28,Frankfurt-am-Main,free
886,Craig Frazier,22,Vilnius,free
887,Amy Williams,17,Vilnius,free
888,Michael Smith,34,Frankfurt-am-Main,free
889,Andrew Monroe,24,Dresden,free
890,Kristen Martin,30,Kaunas,free
891,Megan Brewer,19,Frankfurt-am-Main,free
892,Mary Walker,20,Dresden,free
893,Kelly Grimes,30,Kaunas,free
894,Linda Smith,23,Krakow,free
895,Margaret Williams,25,Munich,free
896,Susan Barker,31,Kaunas,free
897,Misty Mcguire,27,Frankfurt-am-Main,free
898,Amanda Patton,22,Munich,free
899,Vanessa Robbins,26,Berlin,free
900,Holly Garcia,22,Kaunas,free
901,Debra Perez,25,Vilnius,free
902,Jason Evans,15,Dresden,free
903,Mikayla Torres,19,Vilnius,free
904,Edward Meyers,30,Berlin,free
905,Nicole Montgomery,24,Warsaw,free
906,Peter Garcia,32,Munich,free
907,Margaret Lamb,23,Krakow,free
908,James Vasquez,30,Vilnius,free
909,Elizabeth Davidson,20,Frankfurt-am-Main,free
910,Mark Bowers,23,Vilnius,free
911,Joy Roberts,24,Frankfurt-am-Main,free
912,Melissa Adkins,27,Warsaw,free
913,Joseph Hall,31,Vilnius,free
914,Kristen Martin,22,Kaunas,free
915,Jacob Garrett,24,Frankfurt-am-Main,free
916,James Callahan,21,Krakow,free
917,Mikayla Torres,18,Krakow,free
918,Kristina Bradley,27,Frankfurt-am-Main,free
919,Victor Gonzalez,24,Dresden,free
920,Anthony Decker,20,Munich,free
921,Tammy Patrick,28,Kaunas,free
922,Paul Bell,21,Frankfurt-am-Main,free
923,Daniel Griffith,22,Frankfurt-am-Main,free
924,Michelle Gibson,23,Berlin,free
925,Melissa Wilson,28,Krakow,free
926,Kristen Martin,24,Dresden,free
927,Travis Thompson,28,Vilnius,free
928,Dustin Smith,24,Krakow,free
929,James Contreras,23,Dresden,free
930,Jack Flores,18,Munich,free
931,Shannon Frye,34,Warsaw,free
932,Tyler Taylor,25,Munich,free
933,Kristin Carroll,24,Berlin,free
934,William Keller,14,Berlin,free
935,Thomas Young,24,Vilnius,free
936,Timothy Sparks,20,Munich,free
937,Sean Hutchinson,22,Krakow,free
938,Christopher Richards,28,Vilnius,free
939,James Contreras,31,Munich,free
940,Krystal Obrien,26,Munich,free
941,Edward Meyers,28,Frankfurt-am-Main,free
942,Debra Perez,26,Munich,free
943,Stephen Romero,21,Dresden,free
944,Paul Watkins,23,Berlin,free
945,Daniel Griffith,31,Munich,free
946,Bryan Manning,29,Frankfurt-am-Main,free
947,Devin Medina,23,Krakow,free
948,Scott Brown,24,Berlin,free
949,Peter Garcia,29,Warsaw,free
950,Natalie Berger,20,Munich,free
951,Nicole Montgomery,23,Berlin,free
952,Courtney Thompson,24,Krakow,free
953,Craig Frazier,26,Krakow,free
954,Susan Barker,20,Kaunas,free
955,Brooke Nguyen,18,Munich,free
956,Robert Baker,27,Kaunas,free
957,Andrew Monroe,20,Vilnius,free
958,Andrew Monroe,29,Berlin,free
959,David Spencer,30,Munich,free
960,Joseph Hall,28,Kaunas,free
961,Megan Brewer,20,Vilnius,free
962,Justin Gonzalez,39,Warsaw,free
963,Victoria Myers,29,Frankfurt-am-Main,free
964,Jocelyn Wright,32,Vilnius,free
965,Keith Perry,23,Berlin,free
966,Alexa Jones,22,Frankfurt-am-Main,free
967,Victoria Castillo,28,Dresden,free
968,Melissa Rodriguez,35,Dresden,free
969,Peter Garcia,24,Berlin,free
970,Stacy Clark MD,21,Krakow,free
971,Melissa Malone,21,Frankfurt-am-Main,free
972,Jenna Beard,16,Munich,free
973,Melissa Malone,27,Kaunas,free
974,David Wilson,34,Warsaw,free
975,Mary Walker,26,Krakow,free
976,James Wallace,30,Frankfurt-am-Main,free
977,Michelle Potts,22,Warsaw,free
978,Warren Stanley,26,Kaunas,free
979,Tyler Taylor,20,Frankfurt-am-Main,free
980,Stephen Romero,23,Berlin,free
981,Matthew Durham,17,Krakow,free
982,Joy Roberts,21,Munich,free
983,Lynn Hernandez,26,Munich,free
984,Margaret Lamb,34,Dresden,free
985,Michael Sims,25,Frankfurt-am-Main,free
986,Craig Frazier,30,Frankfurt-am-Main,free
987,Alexa Jones,22,Vilnius,free
988,Marcus Berg,28,Berlin,free
989,Justin Gonzalez,24,Vilnius,free
990,William Wheeler,23,Munich,free
991,Marcus Berg,28,Vilnius,free
992,Mr. Mark Simmons DDS,26,Warsaw,free
993,Mark Hunter,33,Warsaw,free
994,Angela Ruiz,25,Vilnius,free
995,Jack Flores,28,Dresden,free
996,Daniel Griffith,19,Krakow,free
997,Andrew Jones,23,Munich,free
998,Jenna Beard,22,Vilnius,free
999,Travis Thompson,23,Vilnius,free
1000,Andrew Monroe,29,Frankfurt-am-Main,free
1001,Brandon Moss,22,Berlin,free
1002,Kimberly Jackson,28,Dresden,free
1003,David Castaneda,22,Munich,free
1004,Ronald Bryant,21,Munich,free
1005,Eric Roberts,28,Warsaw,free
1006,Michael Sims,25,Krakow,free
1007,Randy Green,33,Berlin,free
1008,Edwin White,23,Kaunas,free
1009,Brandon Moss,21,Munich,free
1010,David Spencer,30,Vilnius,free
1011,Jenna Beard,28,Berlin,free
1012,Jonathan Clark,20,Krakow,free
1013,Joseph Hall,24,Warsaw,free
1014,Michael Smith,33,Vilnius,free
1015,Debra Perez,26,Frankfurt-am-Main,free
1016,Brian Russell,21,Warsaw,free
1017,Donna Owen,25,Frankfurt-am-Main,free
1018,Melissa Malone,18,Berlin,free
1019,Jacob Fuller,25,Dresden,free
1020,Juan Perez,32,Warsaw,free
1021,Chelsea Owens,25,Krakow,free
1022,Angel Mitchell,14,Munich,free
1023,Brandon Moss,25,Vilnius,free
1024,Craig Frazier,21,Warsaw,free
1025,Margaret Lamb,25,Dresden,free
1026,Deanna Ward,26,Vilnius,free
1027,Michelle Gibson,21,Munich,free
1028,Jason Evans,17,Munich,free
1029,Joe Hall,21,Dresden,free
1030,Brittany Green,25,Munich,free
1031,Daniel Griffith,24,Krakow,free
1032,Jacob Garrett,27,Frankfurt-am-Main,free
1033,Justin Gonzalez,27,Krakow,free
1034,Juan Perez,27,Dresden,free
1035,Dylan Matthews,25,Munich,free
1036,Ellen Briggs,35,Kaunas,free
1037,Samantha Cameron,27,Dresden,free
1038,Matthew Durham,18,Berlin,free
1039,Christopher Jones,25,Berlin,free
1040,Douglas Torres,25,Frankfurt-am-Main,free
1041,James Vasquez,21,Dresden,free
1042,Jay Ray,23,Berlin,free
1043,Jamie Morton,28,Warsaw,free
1044,Donald Paul,28,Berlin,free
1045,Kim Kelley,28,Krakow,free
1046,Melissa Wilson,22,Kaunas,free
1047,Justin Gonzalez,23,Munich,free
1048,Melissa Rodriguez,23,Dresden,free
1049,Jennifer Jones MD,16,Frankfurt-am-Main,free
1050,Travis Thompson,32,Berlin,free
1051,Kimberly Jackson,25,Krakow,free
1052,Dustin Smith,27,Berlin,free
1053,Vickie Williams,34,Dresden,free
1054,Donna Owen,15,Krakow,free
1055,Christopher Richards,27,Berlin,free
1056,Paul Bell,27,Berlin,free
1057,Kelli Montoya,26,Warsaw,free
1058,Kim Kelley,25,Kaunas,free
1059,Jenna Beard,28,Vilnius,free
1060,Amy Brown,20,Dresden,free
1061,Randy Green,20,Munich,free
1062,Gabriel Stevenson,27,Munich,free
1063,Paul Watkins,34,Dresden,free
1064,Michael Mcguire,21,Warsaw,free
1065,Norma Porter,18,Dresden,free
1066,Jacob Garrett,28,Kaunas,free
1067,Michelle Gibson,18,Kaunas,free
1068,Angel Mitchell,18,Krakow,free
1069,Anthony Decker,20,Munich,free
1070,Thomas Burgess,30,Frankfurt-am-Main,free
1071,Megan Brewer,26,Berlin,free
1072,Alexa Jones,21,Warsaw,free
1073,Wesley Morales,22,Frankfurt-am-Main,free
1074,Stacy Clark MD,22,Frankfurt-am-Main,free
1075,Stacy Clark MD,33,Vilnius,free
1076,Amy Brown,22,Frankfurt-am-Main,free
1077,Craig Frazier,22,Krakow,free
1078,Parker Dennis,23,Berlin,free
1079,Michelle Gibson,19,Krakow,free
1080,Jenna Beard,22,Dresden,free
1081,Nicole Montgomery,30,Krakow,free
1082,Joshua Quinn,24,Frankfurt-am-Main,free
1083,Justin Martinez,22,Berlin,free
1084,Shannon Frye,22,Berlin,free
1085,Timothy Sparks,24,Berlin,free
1086,Tammy Patrick,17,Kaunas,free
1087,Samantha Williams,29,Krakow,free
1088,William Keller,28,Vilnius,free
1089,Victoria Castillo,19,Dresden,free
1090,Justin Gonzalez,22,Krakow,free
1091,Lynn Hernandez,24,Dresden,free
1092,Dylan Matthews,25,Krakow,free
1093,James Contreras,18,Krakow,free
1094,Christopher Jones,22,Berlin,free
1095,Melissa Adkins,29,Vilnius,free
1096,Gabriel Stevenson,28,Warsaw,free
1097,Jay Ray,25,Munich,free
1098,Casey Silva,20,Vilnius,free
1099,Courtney Thompson,23,Vilnius,free
1100,Vanessa Robbins,25,Dresden,free
1101,Kristen Marshall,28,Vilnius,free
1102,David Wilson,29,Vilnius,free
1103,Jason Evans,21,Dresden,free
1104,Amy Williams,24,Dresden,free
1105,Travis Thompson,22,Berlin,free
1106,Adam Wilson,22,Dresden,free
1107,Katelyn Johnson,22,Dresden,free
1108,Victoria Castillo,24,Dresden,free
1109,Heather Diaz,25,Krakow,free
1110,Bryan Manning,19,Dresden,free
1111,David Castaneda,25,Warsaw,free
1112,Devin Medina,16,Frankfurt-am-Main,free
1113,Mikayla Torres,17,Frankfurt-am-Main,free
1114,Anthony Decker,30,Berlin,free
1115,Jenna Beard,29,Frankfurt-am-Main,free
1116,Brandon Moss,24,Dresden,free
1117,Brooke Nguyen,25,Krakow,free
1118,Thomas Young,28,Berlin,free
1119,Tammy Patrick,19,Krakow,free
1120,Kelli Montoya,28,Warsaw,free
1121,Jocelyn Wright,23,Berlin,free
1122,Anthony Decker,24,Dresden,free
1123,Michelle Payne,25,Dresden,free
1124,Joy Roberts,22,Munich,free
1125,Jason Leblanc,18,Berlin,free
1126,Donald Paul,26,Krakow,free
1127,James Vasquez,18,Frankfurt-am-Main,free
1128,Mr. Mark Simmons DDS,27,Dresden,free
1129,Kristen Martin,30,Munich,free
1130,Michelle Gibson,22,Krakow,free
1131,Tyler Taylor,26,Vilnius,free
1132,Susan Barker,20,Warsaw,free
1133,David Spencer,16,Munich,free
1134,Dustin Smith,26,Munich,free
1135,Joshua Quinn,23,Vilnius,free
1136,Douglas Torres,27,Vilnius,free
1137,James Wallace,26,Munich,free
1138,Jocelyn Wright,27,Frankfurt-am-Main,free
1139,Matthew Sampson,22,Dresden,free
1140,Christopher Jones,20,Dresden,free
1141,Tyler Taylor,29,Dresden,free
1142,Tina Barrett,29,Krakow,free
1143,Adam Bernard,27,Munich,free
1144,David Murphy,28,Vilnius,free
1145,Courtney Thompson,22,Munich,free
1146,Anthony Decker,24,Berlin,free
1147,Chelsea Owens,24,Vilnius,free
1148,Amanda Patton,25,Vilnius,free
1149,William Keller,25,Frankfurt-am-Main,free
1150,Elizabeth Rodriguez,19,Kaunas,free
1151,Brian Russell,21,Berlin,free
1152,Roger Hernandez,21,Berlin,free
1153,Juan Perez,21,Kaunas,free
1154,Thomas Young,27,Kaunas,free
1155,Michael Sims,20,Dresden,free
1156,Tammy Cook,33,Vilnius,free
1157,James Vasquez,24,Frankfurt-am-Main,free
1158,Sarah Perry MD,27,Munich,free
1159,Ryan Perez,22,Vilnius,free
1160,Kelsey Patterson,27,Frankfurt-am-Main,free
1161,Melissa Malone,26,Vilnius,free
1162,Marcus Berg,14,Krakow,free
1163,Robert Baker,32,Berlin,free
1164,Jonathan Clark,25,Kaunas,free
1165,Victoria Castillo,26,Warsaw,free
1166,Adam Wilson,26,Munich,free
1167,Jason Holden,27,Warsaw,free
1168,Courtney Thompson,27,Dresden,free
1169,Alicia Juarez,27,Krakow,free
1170,Timothy Sparks,22,Krakow,free
1171,Margaret Lamb,29,Krakow,free
1172,Felicia Donovan,31,Krakow,free
1173,Wesley Morales,19,Berlin,free
1174,Roger Hernandez,24,Krakow,free
1175,Michael Sims,23,Munich,free
1176,Donald Paul,30,Frankfurt-am-Main,free
1177,Casey Silva,27,Krakow,free
1178,Mikayla Torres,25,Munich,free
1179,Jenna Beard,24,Munich,free
1180,Matthew Sampson,26,Kaunas,free
1181,Elizabeth Rodriguez,26,Krakow,free
1182,Katherine Rivers,26,Vilnius,free
1183,Kristina Bradley,24,Warsaw,free
1184,Eric Roberts,25,Berlin,free
1185,Melissa Malone,20,Krakow,free
1186,Tony Mendoza,18,Warsaw,free
1187,Timothy Arnold,17,Warsaw,free
1188,Megan Brewer,22,Kaunas,free
1189,Courtney Lewis,26,Frankfurt-am-Main,free
1190,Christopher Richards,21,Berlin,free
1191,Elizabeth Cochran,30,Krakow,free
1192,Timothy Sparks,26,Warsaw,free
1193,Christopher Cox,23,Frankfurt-am-Main,free
1194,Margaret Lamb,23,Warsaw,free
1195,Robert Williams,24,Frankfurt-am-Main,free
1196,David Castaneda,29,Vilnius,free
1197,Kim Kelley,28,Krakow,free
1198,Heather Diaz,29,Krakow,free
1199,Elizabeth Davidson,18,Berlin,free
1200,Mary Walker,23,Berlin,free
1201,Mikayla Torres,20,Krakow,free
1202,William Davis,43,Warsaw,free
1203,Daniel Griffith,33,Dresden,free
1204,Robert Gibson,23,Krakow,free
1205,Robert Gibson,16,Warsaw,free
1206,Mrs. Amy Mueller,33,Dresden,free
1207,Angela Ruiz,21,Krakow,free
1208,Daniel Peters,28,Frankfurt-am-Main,free
1209,Angela Snyder,16,Kaunas,free
1210,Todd Cook,24,Warsaw,free
1211,Ryan Smith,24,Krakow,free
1212,Jessica Smith,22,Warsaw,free
1213,Melissa Malone,19,Frankfurt-am-Main,free
1214,Deanna Ward,25,Krakow,free
1215,Mr. Mark Simmons DDS,27,Vilnius,free
1216,Victoria Castillo,20,Vilnius,free
1217,Regina Le,23,Munich,free
1218,Dylan Matthews,22,Krakow,free
1219,Chelsea Owens,25,Berlin,free
1220,Michelle Gibson,17,Krakow,free
1221,Melissa Adkins,21,Berlin,free
1222,Alexa Jones,26,Kaunas,free
1223,Devin Medina,22,Vilnius,free
1224,Melissa Malone,25,Berlin,free
1225,Melissa Malone,22,Frankfurt-am-Main,free
1226,Norma Porter,22,Warsaw,free
1227,Jamie Morton,24,Berlin,free
1228,Kim Kelley,28,Dresden,free
1229,Jacob Fuller,31,Frankfurt-am-Main,free
1230,Tammy Patrick,35,Frankfurt-am-Main,free
1231,Christopher Richards,23,Dresden,free
1232,Jeffrey Michael,28,Warsaw,free
1233,Victoria Myers,21,Vilnius,free
1234,Elizabeth Cochran,30,Berlin,free
1235,Heather Diaz,30,Kaunas,free
1236,Melissa Malone,31,Frankfurt-am-Main,free
1237,Savannah Neal,23,Vilnius,free
1238,Thomas Young,27,Frankfurt-am-Main,free
1239,Amanda Patton,23,Vilnius,free
1240,Margaret Lamb,25,Krakow,free
1241,Casey Silva,20,Kaunas,free
1242,Gabriel Stevenson,13,Kaunas,free
1243,Natalie Berger,31,Warsaw,free
1244,Chelsea Owens,23,Frankfurt-am-Main,free
1245,Matthew Sampson,27,Berlin,free
1246,Adam Wilson,22,Vilnius,free
1247,Victor Gonzalez,30,Kaunas,free
1248,Mrs. Amy Mueller,17,Dresden,free
1249,Michelle Potts,28,Vilnius,free
1250,Mr. Mark Simmons DDS,13,Dresden,free
1251,Debra Perez,25,Dresden,free
1252,David Wilson,31,Dresden,free
1253,Kristen Marshall,22,Berlin,free
1254,Alexandra Cooke,32,Kaunas,free
1255,Jamie Morton,21,Berlin,free
1256,Mr. Mark Simmons DDS,26,Berlin,free
1257,Alexa Jones,19,Dresden,free
1258,Tyler Taylor,18,Kaunas,free
1259,Dylan Matthews,26,Warsaw,free
1260,Katherine Rivers,26,Warsaw,free
1261,Regina Le,22,Berlin,free
1262,Jacob Fuller,20,Krakow,free
1263,Michelle Potts,27,Frankfurt-am-Main,free
1264,Norma Porter,21,Berlin,free
1265,Patricia Roberson,24,Frankfurt-am-Main,free
1266,Joy Roberts,22,Berlin,free
1267,Amanda Patton,25,Dresden,free
1268,Jocelyn Wright,26,Dresden,free
1269,Katherine Rivers,16,Frankfurt-am-Main,free
1270,Tyler Taylor,26,Kaunas,free
1271,Julia Thomas,33,Dresden,free
1272,Matthew Durham,16,Vilnius,free
1273,Dustin Smith,25,Warsaw,free
1274,Kristen Martin,21,Warsaw,free
1275,Donald Jenkins,26,Vilnius,free
1276,Vickie Williams,30,Berlin,free
1277,Donald Thompson,27,Vilnius,free
1278,Justin Gonzalez,24,Dresden,free
1279,Paul Watkins,29,Vilnius,free
1280,Ryan Smith,24,Munich,free
1281,William Keller,28,Berlin,free
1282,Angela Ruiz,32,Krakow,free
1283,Justin Gonzalez,14,Vilnius,free
1284,Debra Perez,28,Frankfurt-am-Main,free
1285,Jason Leblanc,27,Berlin,free
1286,Kristen Martin,21,Warsaw,free
1287,Justin Gonzalez,18,Vilnius,free
1288,Michelle Payne,33,Krakow,free
1289,Kim Kelley,20,Dresden,free
1290,Brian Russell,23,Krakow,free
1291,Katelyn Johnson,25,Krakow,free
1292,William Davis,25,Kaunas,free
1293,Chelsea Owens,23,Kaunas,free
1294,Andrew Jones,23,Dresden,free
1295,Misty Mcguire,27,Munich,free
1296,Katelyn Johnson,27,Munich,free
1297,Christina Reyes,26,Warsaw,free
1298,Todd Cook,20,Warsaw,free
1299,Kim Kelley,30,Warsaw,free
1300,Michelle Gibson,25,Kaunas,free
1301,Mark Bowers,22,Kaunas,free
1302,Robert Baker,28,Vilnius,free
1303,Donald Jenkins,26,Berlin,free
1304,Michael Sims,25,Munich,free
1305,Robert Williams,28,Munich,free
1306,Angel Mitchell,22,Warsaw,free
1307,Holly Garcia,26,Munich,free
1308,Norma Porter,18,Frankfurt-am-Main,free
1309,Shannon Frye,23,Berlin,free
1310,James Contreras,32,Kaunas,free
1311,Thomas Burgess,24,Berlin,free
1312,Matthew Sampson,21,Dresden,free
1313,Tammy Cook,21,Munich,free
1314,Devin Medina,26,Berlin,free
1315,Kristen Marshall,21,Frankfurt-am-Main,free
1316,Alexa Jones,33,Frankfurt-am-Main,free
1317,Sarah Perry MD,24,Kaunas,free
1318,Kimberly Jackson,28,Warsaw,free
1319,Tony Mendoza,25,Berlin,free
1320,Courtney Lewis,24,Dresden,free
1321,Victoria Myers,26,Kaunas,free
1322,Dylan Matthews,23,Vilnius,free
1323,Jennifer Jones MD,22,Vilnius,free
1324,Regina Le,21,Krakow,free
1325,Michelle Potts,36,Munich,free
1326,William Walker,26,Munich,free
1327,Jennifer Jones MD,22,Berlin,free
1328,David Wilson,30,Kaunas,free
1329,William Keller,35,Munich,free
1330,Amanda Patton,22,Warsaw,free
1331,Deanna Ward,19,Dresden,free
1332,Jason Evans,35,Berlin,free
1333,Megan Brewer,25,Dresden,free
1334,Michelle Gibson,16,Krakow,free
1335,Vanessa Robbins,27,Krakow,free
1336,Patricia Roberson,20,Vilnius,free
1337,Todd Cook,23,Munich,free
1338,Michael Smith,25,Frankfurt-am-Main,free
1339,Tony Mendoza,21,Frankfurt-am-Main,free
1340,Timothy Arnold,32,Dresden,free
1341,Angela Snyder,27,Frankfurt-am-Main,free
1342,Edward Meyers,23,Vilnius,free
1343,Daniel Peters,28,Kaunas,free
1344,Kelsey Patterson,21,Vilnius,free
1345,Duane Jones,26,Frankfurt-am-Main,free
1346,Kevin Miles,26,Vilnius,free
1347,Michael Stone,18,Vilnius,free
1348,Matthew Durham,23,Vilnius,free
1349,Bryan Manning,28,Berlin,free
1350,Margaret Lamb,25,Kaunas,free
1351,Megan Brewer,22,Krakow,free
1352,Savannah Neal,30,Warsaw,free
1353,Mary Walker,31,Krakow,free
1354,Samantha Williams,26,Frankfurt-am-Main,free
1355,Nicole Montgomery,29,Krakow,free
1356,Natalie Berger,25,Kaunas,free
1357,Juan Perez,27,Dresden,free
1358,Kristina Bradley,23,Vilnius,free
1359,Jason Leblanc,29,Munich,free
1360,Christopher Kirk,21,Munich,free
1361,Jason Holden,21,Frankfurt-am-Main,free
1362,Kristina Bradley,24,Frankfurt-am-Main,free
1363,Gabriel Stevenson,29,Munich,free
1364,Melissa Adkins,31,Vilnius,free
1365,Vickie Williams,26,Kaunas,free
1366,Joy Roberts,23,Vilnius,free
1367,Kelsey Patterson,28,Berlin,free
1368,Mark Bowers,27,Krakow,free
1369,Kimberly Krueger,25,Berlin,free
1370,Margaret Williams,33,Warsaw,free
1371,Alexa Jones,19,Vilnius,free
1372,Keith Perry,28,Dresden,free
1373,Adam Bernard,22,Vilnius,free
1374,Robert Gibson,29,Berlin,free
1375,Kristin Carroll,20,Berlin,free
1376,Daniel Griffith,24,Krakow,free
1377,David Murphy,26,Berlin,free
1378,Randy Green,16,Frankfurt-am-Main,free
1379,Matthew Sampson,17,Krakow,free
1380,Scott Brown,26,Kaunas,free
1381,Alexandra Cooke,24,Dresden,free
1382,Amanda Thomas,27,Krakow,free
1383,Mikayla Torres,21,Krakow,free
1384,Brandon Moss,22,Warsaw,free
1385,William Wheeler,25,Frankfurt-am-Main,free
1386,Craig Frazier,26,Frankfurt-am-Main,free
1387,Angela Snyder,27,Warsaw,free
1388,Craig Frazier,31,Warsaw,free
1389,Thomas Young,25,Kaunas,free
1390,Jennifer Jones MD,20,Warsaw,free
1391,Brian Russell,28,Frankfurt-am-Main,free
1392,Christine Moon,32,Frankfurt-am-Main,free
1393,Travis Thompson,23,Dresden,free
1394,Elizabeth Davidson,22,Vilnius,free
1395,Cheryl Novak,30,Munich,free
1396,Mr. Mark Simmons DDS,24,Dresden,free
1397,Keith Perry,26,Warsaw,free
1398,Andrew Monroe,25,Dresden,free
1399,Mary Walker,28,Krakow,free
1400,Andrew Monroe,26,Krakow,free
1401,Ronald Bryant,21,Kaunas,free
1402,Michelle Gibson,30,Krakow,free
1403,Jonathan Clark,21,Kaunas,free
1404,Kelly Grimes,28,Dresden,free
1405,David Wilson,23,Berlin,free
1406,Kelly Grimes,28,Krakow,free
1407,Angela Snyder,26,Berlin,free
1408,Victor Gonzalez,23,Dresden,free
1409,Ann Silva,29,Frankfurt-am-Main,free
1410,Angel Mitchell,28,Kaunas,free
1411,Melissa Malone,20,Berlin,free
1412,Tyler Taylor,25,Krakow,free
1413,Elizabeth Davidson,33,Frankfurt-am-Main,free
1414,Larry Campbell,25,Dresden,free
1415,Christopher Cox,21,Dresden,free
1416,Kevin Miles,22,Frankfurt-am-Main,free
1417,Kimberly Jackson,31,Kaunas,free
1418,Amy Brown,18,Kaunas,free
1419,Kyle Schmidt,21,Frankfurt-am-Main,free
1420,Jocelyn Wright,18,Dresden,free
1421,Larry Campbell,30,Frankfurt-am-Main,free
1422,Alicia Juarez,33,Vilnius,free
1423,William Wheeler,30,Frankfurt-am-Main,free
1424,Tammy Patrick,29,Krakow,free
1425,Mary Walker,25,Munich,free
1426,Robert Williams,19,Warsaw,free
1427,Kristin Carroll,26,Berlin,free
1428,David Spencer,26,Warsaw,free
1429,Tony Mendoza,24,Vilnius,free
1430,Paul Watkins,22,Dresden,free
1431,Thomas Burgess,26,Frankfurt-am-Main,free
1432,Justin Martinez,23,Vilnius,free
1433,Robert Smith,27,Dresden,free
1434,Ann Silva,35,Vilnius,free
1435,David Wilson,21,Munich,free
1436,Angel Mitchell,28,Munich,free
1437,Jocelyn Wright,19,Frankfurt-am-Main,free
1438,Angela Ruiz,30,Berlin,free
1439,James Contreras,23,Krakow,free
1440,Eric Roberts,21,Frankfurt-am-Main,free
1441,Samantha Williams,28,Vilnius,free
1442,Robert Williams,33,Frankfurt-am-Main,free
1443,Krystal Obrien,23,Munich,free
1444,Thomas Young,24,Kaunas,free
1445,Warren Stanley,25,Dresden,free
1446,Juan Perez,28,Krakow,free
1447,Margaret Williams,27,Kaunas,free
1448,Megan Brewer,25,Frankfurt-am-Main,free
1449,Amy Brown,28,Warsaw,free
1450,William Keller,22,Dresden,free
1451,Kristen Marshall,21,Vilnius,free
1452,Alexis Carroll,33,Kaunas,free
1453,Thomas Young,26,Frankfurt-am-Main,free
1454,Dustin Smith,27,Warsaw,free
1455,Debra Perez,18,Frankfurt-am-Main,free
1456,Angela Ruiz,22,Vilnius,free
1457,Amanda Patton,22,Munich,free
1458,Jason Holden,24,Munich,free
1459,Courtney Thompson,26,Berlin,free
1460,Randy Green,27,Berlin,free
1461,Kelly Grimes,19,Warsaw,free
1462,Alexa Jones,22,Berlin,free
1463,Christopher Kirk,25,Frankfurt-am-Main,free
1464,Joseph Hall,15,Kaunas,free
1465,David Castaneda,30,Dresden,free
1466,Linda Smith,24,Krakow,free
1467,Christopher Kirk,32,Frankfurt-am-Main,free
1468,Kelly Grimes,20,Krakow,free
1469,Katelyn Johnson,23,Munich,free
1470,William Davis,32,Munich,free
1471,Patricia Roberson,21,Dresden,free
1472,Christopher Jones,31,Warsaw,free
1473,Scott Brown,21,Kaunas,free
1474,Angela Snyder,30,Berlin,free
1475,Cheryl Novak,17,Vilnius,free
1476,Kelsey Patterson,13,Warsaw,free
1477,Melissa Adkins,17,Munich,free
1478,Lindsay Ellis,21,Berlin,free
1479,Mrs. Rachel White,18,Berlin,free
1480,Kristen Martin,25,Dresden,free
1481,Natalie Berger,28,Dresden,free
1482,Timothy Sparks,21,Dresden,free
1483,Lindsay Ellis,26,Frankfurt-am-Main,free
1484,Jonathan Clark,24,Munich,free
1485,Shannon Frye,20,Vilnius,free
1486,David Murphy,22,Kaunas,free
1487,Debra Perez,26,Munich,free
1488,Elizabeth Rodriguez,15,Frankfurt-am-Main,free
1489,Jonathan Clark,30,Berlin,free
1490,Tyler Taylor,25,Munich,free
1491,Kelli Montoya,31,Munich,free
1492,Linda Smith,36,Dresden,free
1493,Justin Martinez,24,Kaunas,free
1494,David Castaneda,33,Berlin,free
1495,Susan Barker,27,Kaunas,free
1496,Thomas Burgess,19,Warsaw,free
1497,Tyler Taylor,30,Munich,free
1498,Jocelyn Wright,26,Warsaw,free
1499,Katrina Williamson,28,Vilnius,free
1500,Brian Russell,25,Berlin,free
1501,Margaret Williams,23,Berlin,free
1502,Adam Bernard,18,Kaunas,free
1503,Justin Gonzalez,27,Berlin,free
1504,Brittany Green,27,Munich,free
1505,Mary Walker,27,Frankfurt-am-Main,free
1506,Matthew Sampson,29,Munich,free
1507,Dustin Smith,26,Frankfurt-am-Main,free
1508,Adam Bernard,26,Munich,free
1509,Justin Gonzalez,36,Berlin,free
1510,Michael Smith,25,Dresden,free
1511,Victoria Castillo,27,Dresden,free
1512,Michelle Gibson,18,Kaunas,free
1513,Larry Campbell,21,Vilnius,free
1514,Robert Palmer,25,Vilnius,free
1515,William Keller,22,Kaunas,free
1516,Regina Le,16,Dresden,free
1517,Regina Le,25,Vilnius,free
1518,Scott Brown,23,Munich,free
1519,Jessica Smith,25,Vilnius,free
1520,Shane Rogers,24,Munich,free
1521,Jacob Garrett,26,Berlin,free
1522,Alexa Jones,25,Frankfurt-am-Main,free
1523,Keith Perry,26,Krakow,free
1524,Michelle Payne,32,Warsaw,free
1525,Jessica Smith,21,Kaunas,free
1526,Daniel Griffith,23,Kaunas,free
1527,Megan Brewer,24,Kaunas,free
1528,Jenna Beard,25,Berlin,free
1529,Mark Bowers,29,Warsaw,free
1530,Ryan Perez,29,Munich,free
1531,Alexa Jones,25,Berlin,free
1532,Mark Hunter,26,Vilnius,free
1533,Anthony Decker,22,Dresden,free
1534,Joy Roberts,25,Dresden,free
293,Ellen Briggs,26,Dresden,ultra
16,Michelle Potts,27,Dresden,ultra
909,Elizabeth Davidson,20,Frankfurt-am-Main,free
403,Christine Moon,19,Munich,ultra
908,James Vasquez,30,Vilnius,free
43,Kelsey Patterson,22,Kaunas,ultra
127,Melissa Rodriguez,25,Berlin,ultra
659,Devin Medina,27,Krakow,ultra
204,David Spencer,30,Berlin,ultra
153,David Murphy,23,Warsaw,ultra
1245,Matthew Sampson,27,Berlin,free
807,Melissa Malone,28,Frankfurt-am-Main,free
924,Michelle Gibson,23,Berlin,free
635,David Murphy,21,Warsaw,ultra
136,Katrina Williamson,25,Vilnius,ultra
108,Vickie Williams,29,Vilnius,ultra
737,Thomas Young,27,Krakow,free
666,Joseph Hall,29,Warsaw,ultra
297,Felicia Donovan,33,Berlin,ultra
121,Wesley Morales,25,Berlin,ultra
1198,Heather Diaz,29,Krakow,free
72,Alexa Jones,25,Warsaw,ultra
422,Debra Perez,27,Munich,ultra
611,Kristina Bradley,28,Kaunas,ultra
1237,Savannah Neal,23,Vilnius,free
209,Courtney Lewis,23,Kaunas,ultra
829,Justin Martinez,29,Berlin,free
809,Ann Silva,26,Munich,free
307,Christina Reyes,19,Dresden,ultra
47,Ann Silva,28,Vilnius,ultra
1045,Kim Kelley,28,Krakow,free
